{
   "abstract" : "Format text",
   "author" : [
      "Shlomi Fish <shlomif@cpan.org>"
   ],
   "dynamic_config" : 1,
   "generated_by" : "Module::Build version 0.4007, CPAN::Meta::Converter version 2.132830",
   "keywords" : [
      "format",
      "formatting",
      "margin",
      "margins",
      "string",
      "text",
      "width"
   ],
   "license" : [
      "perl_5"
   ],
   "meta-spec" : {
      "url" : "http://search.cpan.org/perldoc?CPAN::Meta::Spec",
      "version" : "2"
   },
   "name" : "Text-Format",
   "prereqs" : {
      "build" : {
         "requires" : {
            "Test::More" : "0",
            "vars" : "0"
         }
      },
      "configure" : {
         "requires" : {
            "Module::Build" : "0"
         }
      },
      "runtime" : {
         "requires" : {
            "Carp" : "0",
            "perl" : "5.008",
            "strict" : "0",
            "vars" : "0",
            "warnings" : "0"
         }
      }
   },
   "provides" : {
      "Text::Format" : {
         "file" : "lib/Text/Format.pm",
         "version" : "0.59"
      }
   },
   "release_status" : "stable",
   "resources" : {
      "homepage" : "http://www.shlomifish.org/open-source/projects/Text-Format/",
      "license" : [
         "http://dev.perl.org/licenses/"
      ],
      "repository" : {
         "url" : "http://bitbucket.org/shlomif/web-cpan"
      }
   },
   "version" : "0.59"
}
