{
   "abstract" : "Tie::Sub - Tying a subroutine, function or method to a hash",
   "author" : [
      "Steffen Winkler <steffenw at cpan.org>"
   ],
   "dynamic_config" : 1,
   "generated_by" : "Module::Build version 0.38, CPAN::Meta::Converter version 2.112621",
   "license" : [
      "perl_5"
   ],
   "meta-spec" : {
      "url" : "http://search.cpan.org/perldoc?CPAN::Meta::Spec",
      "version" : "2"
   },
   "name" : "Tie-Sub",
   "prereqs" : {
      "build" : {
         "requires" : {
            "Cwd" : 0,
            "Test::Differences" : "0.60",
            "Test::Exception" : 0,
            "Test::More" : 0,
            "Test::NoWarnings" : 0
         }
      },
      "configure" : {
         "requires" : {
            "Module::Build" : "0.38"
         }
      },
      "runtime" : {
         "recommends" : {
            "Test::Pod" : "1.14",
            "Test::Pod::Coverage" : "1.04"
         },
         "requires" : {
            "Carp" : 0,
            "English" : 0,
            "Params::Validate" : 0,
            "perl" : "5.006"
         }
      }
   },
   "provides" : {
      "Tie::Sub" : {
         "file" : "lib/Tie/Sub.pm",
         "version" : "1.001"
      }
   },
   "release_status" : "stable",
   "resources" : {
      "license" : [
         "http://dev.perl.org/licenses/"
      ]
   },
   "version" : "1.001"
}
